id,uid,password,first_name,last_name,username,email,avatar,gender,phone_number,social_insurance_number,date_of_birth,employment,address,credit_card,subscription
7436,44994917-ffa9-451e-87be-12664505bf62,Y8ckfaHtJK,Deadra,Emard,deadra.emard,deadra.emard@email.com,https://robohash.org/laboriosamautest.png?size=300x300&set=set1,Agender,+57 266-347-8874 x032,200364412,1967-10-05,,,,
3374,713e9f8a-0ce9-449a-a699-d0b6c7c945c1,ILtdrS63Tg,Murray,Kub,murray.kub,murray.kub@email.com,https://robohash.org/quiitaquelabore.png?size=300x300&set=set1,Female,+500 1-454-714-8450 x2923,569706328,1996-05-12,,,,
8181,c7a5b1d9-23de-4ce0-b135-bea870adb688,kSmUrKeWHC,Darrel,Erdman,darrel.erdman,darrel.erdman@email.com,https://robohash.org/fugitofficiaharum.png?size=300x300&set=set1,Genderfluid,+20 804.409.7918 x6590,940107600,1980-11-14,,,,
7452,d98abe6d-e421-4de3-aada-ef0c33f290b3,mtb6T0zelF,Glady,Ward,glady.ward,glady.ward@email.com,https://robohash.org/omnisetut.png?size=300x300&set=set1,Genderqueer,+974 233.787.5478 x52315,413608969,1994-11-03,,,,
7788,4d31a8a2-0aca-421c-9ff1-27d72db1ca5b,z2M5wAjWUX,Arturo,Schaden,arturo.schaden,arturo.schaden@email.com,https://robohash.org/etvelesse.png?size=300x300&set=set1,Genderqueer,+1-684 (973) 125-1684 x9010,629514076,1960-12-17,,,,
3348,2796a96c-f002-40a5-8127-27b8dccbfc9e,Vjwm4RiXn3,Shaniqua,Kuhic,shaniqua.kuhic,shaniqua.kuhic@email.com,https://robohash.org/voluptasomnisvel.png?size=300x300&set=set1,Female,+43 1-259-450-6346 x564,900103664,1965-01-27,,,,
8585,0028b0af-6e3d-4e67-a63f-d82df69e93b8,a5v9XqFMNP,Alexander,Ritchie,alexander.ritchie,alexander.ritchie@email.com,https://robohash.org/quilaboriosamtemporibus.png?size=300x300&set=set1,Female,+688 (234) 284-0442 x0695,383090081,1981-11-11,,,,
997,5ba1ccd1-ece4-42ac-a1d8-72edd9f8f29d,2jWFutsvmp,Kaley,Stehr,kaley.stehr,kaley.stehr@email.com,https://robohash.org/aspernaturexpeditanon.png?size=300x300&set=set1,Agender,+965 683-344-4138 x887,713651396,1996-02-14,,,,
6276,d2009516-080e-4a50-b85b-d61db804ef76,He4ZEV95Jr,Penelope,Beer,penelope.beer,penelope.beer@email.com,https://robohash.org/expeditaaccusamusrecusandae.png?size=300x300&set=set1,Female,+995 (534) 577-9008 x172,635130339,1974-11-22,,,,
5391,70b376b6-0310-4002-9966-10f3233a2a9c,5HqBzRIfEl,Rory,Nader,rory.nader,rory.nader@email.com,https://robohash.org/consequaturmodinemo.png?size=300x300&set=set1,Genderqueer,+996 1-577-774-1472 x24074,737309070,1973-01-26,,,,
5592,c7db7775-1a3b-42ff-89f5-94eb1e7a8b5d,WfYCKo9qVd,Donny,Ritchie,donny.ritchie,donny.ritchie@email.com,https://robohash.org/animiilluma.png?size=300x300&set=set1,Male,+243 (223) 045-2808 x13036,992404087,1983-02-09,,,,
5572,8e30cb79-8565-49a0-9993-7c3ab075bde6,lNIu6D2Ayz,Lenny,Hegmann,lenny.hegmann,lenny.hegmann@email.com,https://robohash.org/sitnemoneque.png?size=300x300&set=set1,Male,+502 721-666-9506,683050652,1960-06-21,,,,
3100,95d37fb3-2a2f-43a5-8f9d-82db0916db63,4LPGzw9Rpk,Eugene,Corkery,eugene.corkery,eugene.corkery@email.com,https://robohash.org/solutaperspiciatiset.png?size=300x300&set=set1,Agender,+240 (813) 012-2421 x9581,377261292,1994-11-05,,,,
9678,0f00a991-d6b7-461b-a660-6cb77fa130b2,m1H6LY2rKI,Sherita,Considine,sherita.considine,sherita.considine@email.com,https://robohash.org/quiarerumeos.png?size=300x300&set=set1,Bigender,+850 955.401.1046 x44888,238146302,1984-07-12,,,,
3515,2e5029fd-d976-41fd-b0d0-cbac9e1c81d7,UB735L4yZH,Jerrold,Robel,jerrold.robel,jerrold.robel@email.com,https://robohash.org/quietexpedita.png?size=300x300&set=set1,Female,+355 286.688.5348,275491975,2001-02-09,,,,
5905,de36e8b2-baa2-4e02-a6d0-a0958058c066,He8Mdk7Vu4,Yong,Kautzer,yong.kautzer,yong.kautzer@email.com,https://robohash.org/fugaautemvelit.png?size=300x300&set=set1,Genderfluid,+268 767.871.2510 x6925,280755042,1968-04-11,,,,
5118,9be2c71a-331e-4560-88ea-84ae9a0cb860,wOrepLcd2Y,Bernie,Franecki,bernie.franecki,bernie.franecki@email.com,https://robohash.org/distinctioquinulla.png?size=300x300&set=set1,Polygender,+509 (829) 612-3731,594031114,1979-02-03,,,,
8400,edc19724-e3bf-4416-a0eb-381e67afe4b8,V970gqhQIm,Shelby,Okuneva,shelby.okuneva,shelby.okuneva@email.com,https://robohash.org/impeditnulladistinctio.png?size=300x300&set=set1,Male,+51 383-967-3846 x35696,187975982,1964-08-01,,,,
2835,995b0294-9870-40ea-a307-7134f2044299,9fzctWMCly,Debra,Tillman,debra.tillman,debra.tillman@email.com,https://robohash.org/estaliquidet.png?size=300x300&set=set1,Agender,+39 915.907.4322,170056378,1966-01-23,,,,
8113,a1bfbc9e-9d86-477c-9f77-3c3d810cc34a,ELqfA1Iw2Y,Monte,Hackett,monte.hackett,monte.hackett@email.com,https://robohash.org/perferendisvoluptatibusodio.png?size=300x300&set=set1,Male,+223 858-430-4551 x841,481688612,1965-12-05,,,,
2940,994994a3-d601-4505-b6f3-f36ced1cc508,Mr3YZe5BXp,Graig,Gottlieb,graig.gottlieb,graig.gottlieb@email.com,https://robohash.org/iureetea.png?size=300x300&set=set1,Polygender,+91 (406) 655-2156 x87053,398839563,1974-02-12,,,,
3754,7a68a177-da91-4823-97d1-b1e5fcc82c03,wes0KcfPkj,Kevin,Pacocha,kevin.pacocha,kevin.pacocha@email.com,https://robohash.org/eumsolutadoloremque.png?size=300x300&set=set1,Polygender,+971 219.199.4058,419971452,1969-11-15,,,,
528,59cb705a-1797-4a82-87ea-9bf858282834,9UHgu25Z4o,Marquetta,Ullrich,marquetta.ullrich,marquetta.ullrich@email.com,https://robohash.org/nemorepellatsed.png?size=300x300&set=set1,Bigender,+689 (695) 472-5276,240168971,1986-07-05,,,,
26,93ec2827-2bdf-4d85-994e-387c7e51943f,jmWl0RaCMB,Les,Kris,les.kris,les.kris@email.com,https://robohash.org/impeditvoluptasducimus.png?size=300x300&set=set1,Female,+687 1-129-883-9086 x656,307438663,1977-09-21,,,,
2757,f63d3ab9-0e1b-485a-b4fa-1eb607dfbf8c,S4haYqsWyF,Terri,Kunde,terri.kunde,terri.kunde@email.com,https://robohash.org/cumquemodiharum.png?size=300x300&set=set1,Genderfluid,+31 133-726-9706 x5248,105290183,1989-09-29,,,,
5881,ec88fe7e-31b3-483d-aaa2-0e12cc968fce,XKWIUfoqTB,Dalene,Cormier,dalene.cormier,dalene.cormier@email.com,https://robohash.org/invelitnesciunt.png?size=300x300&set=set1,Female,+212 303-294-7355 x347,697932366,1971-04-23,,,,
8999,161cd72f-36ce-4f40-a1c6-f4a72dc974ca,T7AyQm0wud,Brent,Raynor,brent.raynor,brent.raynor@email.com,https://robohash.org/estcumnumquam.png?size=300x300&set=set1,Genderfluid,+375 1-257-442-2614 x576,425546462,1972-06-11,,,,
2277,71aafafc-7a51-440b-84a4-32add99a13d2,i0W4mSeVb8,Keith,Willms,keith.willms,keith.willms@email.com,https://robohash.org/utminusiure.png?size=300x300&set=set1,Bigender,+372 888-770-7551 x27384,598884096,2001-10-15,,,,
4729,0f704a90-631b-4a49-8de5-abc47af498e8,ecW4LOAaf3,Harris,Batz,harris.batz,harris.batz@email.com,https://robohash.org/fugitsintullam.png?size=300x300&set=set1,Non-binary,+375 (220) 833-2576 x9231,945325876,1996-03-18,,,,
2079,c410350d-c40f-411e-9a85-fbe024138664,NlUF75gJZt,Shela,Schaden,shela.schaden,shela.schaden@email.com,https://robohash.org/etharumvelit.png?size=300x300&set=set1,Polygender,+354 891.533.6663 x4576,475020376,1987-03-05,,,,
8636,b7cb2115-7027-4fad-866c-dfb41c7cafca,pfwBYJAKrH,Patience,Kulas,patience.kulas,patience.kulas@email.com,https://robohash.org/explicaboexercitationemvoluptatem.png?size=300x300&set=set1,Genderqueer,+63 1-768-891-8073,504977265,1982-10-04,,,,
6908,fc640b51-7555-40a6-8cec-6691624302d4,bnTNKIHkyR,Rosario,Dare,rosario.dare,rosario.dare@email.com,https://robohash.org/sitillumet.png?size=300x300&set=set1,Male,+509 683-667-2893,794917112,1961-10-24,,,,
5541,8df9ef9c-316f-4330-820c-354efb740c47,ycB1O74Rgl,Jere,Abshire,jere.abshire,jere.abshire@email.com,https://robohash.org/voluptatemculpaeius.png?size=300x300&set=set1,Non-binary,+262 154.381.1636 x27036,617282835,1988-06-14,,,,
4589,620a2f35-f1ee-4c05-a194-f248da835454,t0QLCufsIq,Granville,Hermiston,granville.hermiston,granville.hermiston@email.com,https://robohash.org/eosexcepturieum.png?size=300x300&set=set1,Agender,+995 1-436-322-7080,229652896,1994-02-07,,,,
3182,0b62e3ae-e616-4c6d-9480-95c9f8f768aa,bPrX9zsBed,Cherish,Feest,cherish.feest,cherish.feest@email.com,https://robohash.org/veritatisdebitisin.png?size=300x300&set=set1,Female,+243 (345) 547-1786 x67933,325196897,1995-08-19,,,,
1333,fc01a712-9ad2-4a08-a2e9-f2477c78cb14,Qf3yWhUPRz,Rolanda,Hermann,rolanda.hermann,rolanda.hermann@email.com,https://robohash.org/placeatcorruptisoluta.png?size=300x300&set=set1,Bigender,+20 308-662-2751 x047,940427594,1991-10-28,,,,
7232,76ddc090-1ca9-42e5-8f4f-cd094aa063ab,li4GaUr5Iv,Darci,Roberts,darci.roberts,darci.roberts@email.com,https://robohash.org/rerumauteligendi.png?size=300x300&set=set1,Agender,+232 1-347-128-1442 x66165,284852951,1975-01-08,,,,
181,91d09385-7ddb-48f8-968c-7d9544b9d84b,xjYI2VXOR7,Kennith,Jones,kennith.jones,kennith.jones@email.com,https://robohash.org/earumatquedignissimos.png?size=300x300&set=set1,Polygender,+809 668-635-7090 x661,312098981,1982-01-08,,,,
760,de027544-2749-4084-8311-6d8687df864b,sFb38EvYIW,Maryalice,Corkery,maryalice.corkery,maryalice.corkery@email.com,https://robohash.org/inerroraliquam.png?size=300x300&set=set1,Agender,+691 985.880.1933 x132,237094669,1957-12-28,,,,
8169,9c2abcb1-d965-4251-87b7-3d0af0d67ee4,jrd5UBqAMp,Tad,Lueilwitz,tad.lueilwitz,tad.lueilwitz@email.com,https://robohash.org/quoetconsequatur.png?size=300x300&set=set1,Male,+423 825.140.1401 x78499,982527103,1995-11-12,,,,
2268,eb6ca179-3939-4d48-8cfd-bc78971d0294,bPmj3ASpdB,Gregory,Corwin,gregory.corwin,gregory.corwin@email.com,https://robohash.org/maioresestcommodi.png?size=300x300&set=set1,Agender,+223 545.443.0243 x97032,646502096,1967-11-12,,,,
817,b818c420-c279-46d7-94f7-0d9cfec46719,mCQYXZ0rpN,Elton,Frami,elton.frami,elton.frami@email.com,https://robohash.org/ipsamexpeditabeatae.png?size=300x300&set=set1,Male,+599 (529) 378-8072 x566,145091633,1991-03-30,,,,
8065,65a9be85-c737-4f89-baef-cac1ac8e00b9,6obj5i2Phe,Calandra,Orn,calandra.orn,calandra.orn@email.com,https://robohash.org/etipsadolores.png?size=300x300&set=set1,Non-binary,+352 513-194-5125,387791957,2000-05-01,,,,
33,a33f8489-53ec-46c5-9c8f-7ec049b3fb74,QPh1mlWvMo,Chung,Adams,chung.adams,chung.adams@email.com,https://robohash.org/dolorconsecteturmolestiae.png?size=300x300&set=set1,Genderfluid,+53 1-993-189-6039 x60841,324178433,1979-09-27,,,,
7574,97154925-69f7-40df-9d35-d0936bb50bfc,owdXfkjCt9,Aaron,Roberts,aaron.roberts,aaron.roberts@email.com,https://robohash.org/molestiaemolestiastempora.png?size=300x300&set=set1,Genderqueer,+245 1-187-603-9369 x907,785524059,1973-04-10,,,,
9200,d2f1710b-a6f3-471c-b070-f3f1fcea2fd4,il6hqFYEX3,Micheal,Legros,micheal.legros,micheal.legros@email.com,https://robohash.org/verohicsint.png?size=300x300&set=set1,Genderqueer,+691 708.050.4921 x0440,976685149,1999-02-18,,,,
5262,fbe33fa3-b79c-4e20-86aa-02490f32f45c,hSwR51AuWf,Joycelyn,Von,joycelyn.von,joycelyn.von@email.com,https://robohash.org/cumquesapientererum.png?size=300x300&set=set1,Agender,+7 1-692-455-7003,988720884,1990-12-27,,,,
9488,193a64b5-a91a-4ba2-82ac-fdd5c40b71dc,Vk4gmthBSe,Ayana,Cole,ayana.cole,ayana.cole@email.com,https://robohash.org/quodnihilfacilis.png?size=300x300&set=set1,Genderfluid,+996 (522) 665-4389 x2067,991164146,1991-03-10,,,,
7930,25087dcf-31cc-40d8-b913-fa321833d5f0,6AB39n7MD2,Darrin,Keeling,darrin.keeling,darrin.keeling@email.com,https://robohash.org/hicpariaturtotam.png?size=300x300&set=set1,Male,+7-7 (854) 227-6550 x22994,707755906,1997-02-05,,,,
6992,324fb0d6-00cb-483b-96c5-dd0db1f08ab0,SiPUOYAEvH,Katharyn,Runte,katharyn.runte,katharyn.runte@email.com,https://robohash.org/optioreprehenderitnam.png?size=300x300&set=set1,Polygender,+592 306.663.4792 x744,470442047,1964-01-09,,,,
5778,e3d9c747-654e-44b5-83d6-48a8915453d8,OXyAbgeNKz,Davis,Turner,davis.turner,davis.turner@email.com,https://robohash.org/occaecatiaccusamusnon.png?size=300x300&set=set1,Bigender,+389 (658) 302-4450 x9593,739312205,1998-07-09,,,,
87,ca159546-7b82-4ecb-b9f2-4d1b2e6bd2e5,zrHLu4BySa,Jeremiah,Bernier,jeremiah.bernier,jeremiah.bernier@email.com,https://robohash.org/illooccaecatiquia.png?size=300x300&set=set1,Non-binary,+254 (589) 769-0092 x7678,197976194,1992-12-31,,,,
1327,e2d01012-ce30-45cd-a31b-282efc7d0caf,XerPyRQf0H,Jeremy,Predovic,jeremy.predovic,jeremy.predovic@email.com,https://robohash.org/corruptiinventoredolores.png?size=300x300&set=set1,Genderfluid,+247 252.387.1437 x1233,125311621,1978-06-11,,,,
2993,bd982040-92cd-4f0b-88c4-3985c7f4609b,tRLQzFsNXk,Diego,Sauer,diego.sauer,diego.sauer@email.com,https://robohash.org/nonveritatisinventore.png?size=300x300&set=set1,Non-binary,+1-246 266-021-6815 x5011,526548573,1975-08-14,,,,
4728,acc934ff-8b74-4f24-b3bd-5b77f8e1ccab,vEzmg3k4xP,Tai,Walter,tai.walter,tai.walter@email.com,https://robohash.org/solutareiciendisnesciunt.png?size=300x300&set=set1,Male,+82 (427) 667-0019 x020,728424425,1999-01-21,,,,
3795,cc7d1438-c2ed-47e4-947c-ae3d5bc7ae59,EL0cR1Pjz2,Avery,Turcotte,avery.turcotte,avery.turcotte@email.com,https://robohash.org/praesentiumdolorlaborum.png?size=300x300&set=set1,Agender,+503 1-593-833-1402 x15231,213899719,1987-03-01,,,,
1903,2add0bb8-c544-4f4b-8869-b4fd9917a060,CEJ0t1OHB5,Merrilee,Wolf,merrilee.wolf,merrilee.wolf@email.com,https://robohash.org/suntetin.png?size=300x300&set=set1,Genderfluid,+267 694-288-6378 x33245,735392151,1961-10-24,,,,
9667,22dfcb76-17ab-4df6-ac92-6d943bbb428a,Cz0nEKJjTA,Merlin,Rice,merlin.rice,merlin.rice@email.com,https://robohash.org/namdoloresvoluptate.png?size=300x300&set=set1,Male,+1-242 177.931.3215 x5402,562937409,1985-04-21,,,,
2987,7d17e23a-cdec-4253-9ad5-c4deb38de636,Lr075ZiDSm,Milo,Stoltenberg,milo.stoltenberg,milo.stoltenberg@email.com,https://robohash.org/optioetdolores.png?size=300x300&set=set1,Genderqueer,+1-758 381-399-4727 x5585,237885850,1958-12-06,,,,
7776,c5f278cb-09d7-4884-956c-b78322756109,z7SMbXP6qG,Rosendo,Becker,rosendo.becker,rosendo.becker@email.com,https://robohash.org/adipisciconsequaturnon.png?size=300x300&set=set1,Bigender,+504 (201) 873-7956 x59750,129825311,1992-09-09,,,,
8874,3e8e9185-4d63-4af0-94ed-e9bea74f33f8,RsGISC9hlu,Josue,Leannon,josue.leannon,josue.leannon@email.com,https://robohash.org/essenatusipsam.png?size=300x300&set=set1,Bigender,+65 (748) 369-0229 x702,363168295,1983-09-26,,,,
9616,82f51eea-2147-4697-aa9b-a52a0f5a987f,AIYGK2mkbn,Aisha,Cole,aisha.cole,aisha.cole@email.com,https://robohash.org/beataeeligendisuscipit.png?size=300x300&set=set1,Male,+39 1-696-048-5205 x4081,443415294,2003-10-04,,,,
7658,5da836e3-2f33-421d-9d1f-b363f5b80fb6,KRJh59u6N7,Luciano,Muller,luciano.muller,luciano.muller@email.com,https://robohash.org/aveniamaccusantium.png?size=300x300&set=set1,Male,+93 (173) 048-5419,111299400,1965-04-25,,,,
9120,c9441314-2499-45ad-ab7e-6765288e12ba,hciRxIJHQr,Bob,Hamill,bob.hamill,bob.hamill@email.com,https://robohash.org/underemqui.png?size=300x300&set=set1,Genderqueer,+47 448-377-8451 x181,622462489,1965-11-20,,,,
9284,f0628e08-99ab-48b3-b729-4b1a4c19343d,5DZR3hTKax,Hugo,Lind,hugo.lind,hugo.lind@email.com,https://robohash.org/optiorepellatquasi.png?size=300x300&set=set1,Bigender,+381 (803) 029-8741,474032588,1974-06-17,,,,
973,76ddfda3-0b36-48f7-966c-0cf362386da4,A68yWR0E7J,Wendie,Cartwright,wendie.cartwright,wendie.cartwright@email.com,https://robohash.org/laboreofficiisipsum.png?size=300x300&set=set1,Female,+235 409.215.4897 x0755,466836111,1976-06-02,,,,
5791,177a5a0d-f446-44a2-8fad-e8d460e1f53b,LaP15wbBKQ,Otha,Witting,otha.witting,otha.witting@email.com,https://robohash.org/laborevoluptatumquia.png?size=300x300&set=set1,Male,+964 692-393-1469 x7506,489899310,1995-08-14,,,,
1190,dd970a6c-f565-439c-8268-f45885fb50bf,7afYGKpMAP,Esperanza,Beier,esperanza.beier,esperanza.beier@email.com,https://robohash.org/laboriosamconsequaturaut.png?size=300x300&set=set1,Agender,+378 1-617-603-9120 x8554,320642861,1997-05-13,,,,
822,185b6aed-6d98-4b3b-abc4-c9ca3e694467,xeTliKVWEY,Oswaldo,Wunsch,oswaldo.wunsch,oswaldo.wunsch@email.com,https://robohash.org/similiquevoluptasmagnam.png?size=300x300&set=set1,Polygender,+973 181-122-4060 x539,193905569,1959-10-02,,,,
3819,a6f40c7a-bb2f-48ac-8a16-82f323e1e4e9,Z7Cn3D145E,Chang,Gerhold,chang.gerhold,chang.gerhold@email.com,https://robohash.org/facilisvoluptatibusamet.png?size=300x300&set=set1,Non-binary,+250 1-467-608-7479 x81015,201332319,1970-12-07,,,,
773,ee32eb13-31d1-4012-803d-4b33846688fc,zpMvI0agqm,Chris,Buckridge,chris.buckridge,chris.buckridge@email.com,https://robohash.org/nobislaborumsimilique.png?size=300x300&set=set1,Bigender,+593 (855) 490-6781 x915,928069681,1975-08-06,,,,
5655,95400024-4d15-44be-b897-0b2fa4eb56c1,b9Mn84vBdx,Isaiah,Stanton,isaiah.stanton,isaiah.stanton@email.com,https://robohash.org/etabsimilique.png?size=300x300&set=set1,Genderqueer,+856 (148) 284-3261 x4451,971970405,2000-07-28,,,,
63,c69b8f4c-80c4-4c5e-8fee-650e50f48dc5,Q2YsjoDLmu,Garnet,Bauch,garnet.bauch,garnet.bauch@email.com,https://robohash.org/nisinumquamharum.png?size=300x300&set=set1,Male,+353 738-860-9469 x7068,252648555,1976-04-24,,,,
2532,409d6ad2-b0fc-4c41-942e-b61ce60d7509,rWdP7EHpg6,Antonio,Leuschke,antonio.leuschke,antonio.leuschke@email.com,https://robohash.org/voluptatemnobisinventore.png?size=300x300&set=set1,Genderqueer,+231 (807) 068-3950 x1321,330080359,1975-10-21,,,,
4497,a7b90dce-3c2a-4230-b2cd-184952583eba,gVRfAnCScN,Ned,Conroy,ned.conroy,ned.conroy@email.com,https://robohash.org/autinminus.png?size=300x300&set=set1,Genderqueer,+91 (237) 932-8535 x2515,102578531,1963-08-23,,,,
4031,e0a81514-2f50-40e1-a0ef-ffc59f4f5234,nkSBR4Tr3h,Kasie,Hermiston,kasie.hermiston,kasie.hermiston@email.com,https://robohash.org/recusandaequoest.png?size=300x300&set=set1,Agender,+86 293-789-1306 x786,388392979,1970-06-06,,,,
1902,e61329d0-b85f-40af-9b4d-7253911e5000,3JBaW0C8SA,Casey,Carroll,casey.carroll,casey.carroll@email.com,https://robohash.org/quirerumnostrum.png?size=300x300&set=set1,Polygender,+290 (679) 881-4830 x059,143991875,1968-05-25,,,,
1590,bb0352ef-726b-41ec-8b2b-7bd7e23090a7,sK8AC3p0er,Lynell,Ullrich,lynell.ullrich,lynell.ullrich@email.com,https://robohash.org/veritatisvoluptatesautem.png?size=300x300&set=set1,Non-binary,+507 249.878.3359 x0463,113030985,1988-06-19,,,,
9598,b325e9da-9f87-474a-ae56-522897825da9,Q8VlmCc6Mn,Dwight,Kirlin,dwight.kirlin,dwight.kirlin@email.com,https://robohash.org/autsequifacere.png?size=300x300&set=set1,Agender,+352 1-814-403-3727 x828,321492761,1976-07-27,,,,
554,24c69ceb-3a6b-4216-90e4-128b3001b143,Uvjy5ZekMT,Avery,Rath,avery.rath,avery.rath@email.com,https://robohash.org/consecteturdolorumsapiente.png?size=300x300&set=set1,Polygender,+975 (945) 226-5945 x95257,760745976,1997-07-20,,,,
1215,0d867a5a-f518-4583-ab84-055867944943,SRty78V1Ti,India,Reichel,india.reichel,india.reichel@email.com,https://robohash.org/expeditaeosaut.png?size=300x300&set=set1,Agender,+33 (151) 201-5484,789660545,1987-04-29,,,,
9388,e7b801b2-74fe-4ce2-8de3-296db6b4aaa3,zDGOqdhRa7,Alexis,Keeling,alexis.keeling,alexis.keeling@email.com,https://robohash.org/officiaestsint.png?size=300x300&set=set1,Genderqueer,+855 381-663-5774 x447,197781255,1978-12-21,,,,
9129,a163cd5b-38f8-4c11-aa55-ed593267d882,bloDfdmGXB,Vern,Effertz,vern.effertz,vern.effertz@email.com,https://robohash.org/animiomnisnostrum.png?size=300x300&set=set1,Male,+385 155.926.6639 x43737,255213712,1980-06-11,,,,
9291,0b32883e-4776-478c-a765-1ed15b47404b,tNpoEYDFQZ,Natalya,Wolf,natalya.wolf,natalya.wolf@email.com,https://robohash.org/quibusdamsuntaut.png?size=300x300&set=set1,Polygender,+596 766.752.8129,314026949,2003-05-08,,,,
9426,eb9a4685-0319-4740-827c-602f83e4323e,pcwdyaZukg,Mohammad,Runolfsdottir,mohammad.runolfsdottir,mohammad.runolfsdottir@email.com,https://robohash.org/solutaerrorsed.png?size=300x300&set=set1,Polygender,+216 (839) 289-6063 x0983,294491097,1965-03-14,,,,
6579,2b6a8bf6-bc93-42c3-80ce-9dcc8d9db4c6,zj4UP7Vw6L,Ezra,Pagac,ezra.pagac,ezra.pagac@email.com,https://robohash.org/voluptatemdoloremveritatis.png?size=300x300&set=set1,Bigender,+352 807-062-0135,646674366,1959-02-10,,,,
9177,1d9a3291-2691-4271-b8d7-85a70122de12,vwLfHjyre4,Willian,Wolf,willian.wolf,willian.wolf@email.com,https://robohash.org/dolorumsequiarchitecto.png?size=300x300&set=set1,Bigender,+420 1-994-784-9546 x18317,645893298,2000-09-06,,,,
8617,78d9b538-ee53-4c7c-b504-ab91bb743b6e,0aDcZG8tBY,Cherlyn,Ankunding,cherlyn.ankunding,cherlyn.ankunding@email.com,https://robohash.org/quisdignissimosquia.png?size=300x300&set=set1,Polygender,+692 402-388-8736 x071,573407400,1967-06-01,,,,
17,2265d26a-75ae-4ce7-b8f3-98852c35e0c7,D8SfEv0X9x,Mark,Altenwerth,mark.altenwerth,mark.altenwerth@email.com,https://robohash.org/sitsolutanatus.png?size=300x300&set=set1,Genderfluid,+231 289-581-4756 x593,718452857,1964-06-13,,,,
456,52286a9a-db4c-4cf1-8728-44b21da9fb16,XxaImK5WZB,Nida,Bartell,nida.bartell,nida.bartell@email.com,https://robohash.org/doloressedautem.png?size=300x300&set=set1,Female,+31 (414) 742-9694 x907,135427870,1986-08-08,,,,
2649,609ab2f6-255d-4e97-8b1e-6a2ce6575858,Y2x3BsljGq,Dirk,Glover,dirk.glover,dirk.glover@email.com,https://robohash.org/fuganamea.png?size=300x300&set=set1,Bigender,+975 (405) 331-1994 x0916,726834153,1963-03-28,,,,
4345,588efd9a-2685-44b8-b97a-61808fb8127f,98hrvUHx6I,Leslie,Breitenberg,leslie.breitenberg,leslie.breitenberg@email.com,https://robohash.org/exatdolorem.png?size=300x300&set=set1,Non-binary,+51 1-812-519-0640 x3713,789191335,2000-12-19,,,,
4603,883f6741-12af-4312-85c8-4fbac215f47e,TsUNEWfo0g,Mickie,Gusikowski,mickie.gusikowski,mickie.gusikowski@email.com,https://robohash.org/velitutporro.png?size=300x300&set=set1,Genderfluid,+683 838-294-5900 x5864,298071705,1975-08-13,,,,
9193,0f0b253f-cbb6-438c-81cc-4590246539e2,CceOfsIaGh,Londa,Smitham,londa.smitham,londa.smitham@email.com,https://robohash.org/pariaturiureautem.png?size=300x300&set=set1,Agender,+31 (148) 183-8505 x148,531626984,1969-02-20,,,,
4762,80dbd38e-d331-4a6a-8325-003a69b285f2,27Xez4OWs9,Lou,Murazik,lou.murazik,lou.murazik@email.com,https://robohash.org/seddoloremlaborum.png?size=300x300&set=set1,Female,+1-340 223.031.5292 x3156,142047745,1966-03-09,,,,
7786,f1f1e10d-aa66-4824-8bcc-15b94058cfba,WR7v5xqayQ,Celine,Wolff,celine.wolff,celine.wolff@email.com,https://robohash.org/idillummaiores.png?size=300x300&set=set1,Female,+290 1-769-891-3502,797521861,1989-12-20,,,,
8566,40a0652a-b0e1-4707-93f5-cfe3ab8dd910,WRALtmHjCg,Jeraldine,Schoen,jeraldine.schoen,jeraldine.schoen@email.com,https://robohash.org/omnisinventoreodit.png?size=300x300&set=set1,Female,+508 456.651.7824 x6684,347124208,1961-01-09,,,,
184,15904c73-beab-4d1e-aabb-c27b507e5917,v2k9lwGDLZ,Lenore,Stehr,lenore.stehr,lenore.stehr@email.com,https://robohash.org/errorarchitectonam.png?size=300x300&set=set1,Bigender,+258 656-907-0436 x1379,990390320,1961-12-05,,,,
7094,821b5da7-9b31-4f8f-a433-8d806a2f3505,DnL7H0wA2z,Nickole,McDermott,nickole.mcdermott,nickole.mcdermott@email.com,https://robohash.org/dolorequiconsequuntur.png?size=300x300&set=set1,Non-binary,+60 1-837-571-3240,485119630,1985-10-25,,,,
9292,69ca1a15-7645-4980-8f96-3f633dcf7da8,Zh1o4BSfaj,Max,Baumbach,max.baumbach,max.baumbach@email.com,https://robohash.org/officiaetporro.png?size=300x300&set=set1,Agender,+93 479.927.2067 x778,237919592,1971-02-26,,,,